SN,Movie Name,Release Date,IMDb Rating,IMDb Link,Thumbnail Link
1 ( 2),The Menu,(2022),7.5,https://www.imdb.com/title/tt9764362/?pf_rd_m=A2FGELUUNOQJNL&pf_rd_p=ea4e08e1-c8a3-47b5-ac3a-75026647c16e&pf_rd_r=8QD5HQ5X0XXVBNRT1BRR&pf_rd_s=center-1&pf_rd_t=15506&pf_rd_i=moviemeter&ref_=chtmvm_tt_1,"https://m.media-amazon.com/images/M/MV5BMzdjNjI5MmYtODhiNS00NTcyLWEzZmUtYzVmODM5YzExNDE3XkEyXkFqcGdeQXVyMTAyMjQ3NzQ1._V1_UX45_CR0,0,45,67_AL_.jpg"
2 ( 50),Indiana Jones and the Dial of Destiny,(2023),,https://www.imdb.com/title/tt1462764/?pf_rd_m=A2FGELUUNOQJNL&pf_rd_p=ea4e08e1-c8a3-47b5-ac3a-75026647c16e&pf_rd_r=8QD5HQ5X0XXVBNRT1BRR&pf_rd_s=center-1&pf_rd_t=15506&pf_rd_i=moviemeter&ref_=chtmvm_tt_2,"https://m.media-amazon.com/images/M/MV5BYTYyY2JkOWMtMDNjZC00ZTgzLWJhNDAtM2YzMWY3MjM2N2VjXkEyXkFqcGdeQXVyMTkxNjUyNQ@@._V1_UY67_CR0,0,45,67_AL_.jpg"
3 ( 2),Black Panther: Wakanda Forever,(2022),7.3,https://www.imdb.com/title/tt9114286/?pf_rd_m=A2FGELUUNOQJNL&pf_rd_p=ea4e08e1-c8a3-47b5-ac3a-75026647c16e&pf_rd_r=8QD5HQ5X0XXVBNRT1BRR&pf_rd_s=center-1&pf_rd_t=15506&pf_rd_i=moviemeter&ref_=chtmvm_tt_3,"https://m.media-amazon.com/images/M/MV5BNTM4NjIxNmEtYWE5NS00NDczLTkyNWQtYThhNmQyZGQzMjM0XkEyXkFqcGdeQXVyODk4OTc3MTY@._V1_UY67_CR0,0,45,67_AL_.jpg"
4 ( 8),Glass Onion: A Knives Out Mystery,(2022),8.0,https://www.imdb.com/title/tt11564570/?pf_rd_m=A2FGELUUNOQJNL&pf_rd_p=ea4e08e1-c8a3-47b5-ac3a-75026647c16e&pf_rd_r=8QD5HQ5X0XXVBNRT1BRR&pf_rd_s=center-1&pf_rd_t=15506&pf_rd_i=moviemeter&ref_=chtmvm_tt_4,"https://m.media-amazon.com/images/M/MV5BYmZlZDZkZjYtNzE5Mi00ODFhLTk2OTgtZWVmODBiZTI4NGFiXkEyXkFqcGdeQXVyMTE5MTg5NDIw._V1_UX45_CR0,0,45,67_AL_.jpg"
5 ( 3),Spirited,(2022),6.6,https://www.imdb.com/title/tt10999120/?pf_rd_m=A2FGELUUNOQJNL&pf_rd_p=ea4e08e1-c8a3-47b5-ac3a-75026647c16e&pf_rd_r=8QD5HQ5X0XXVBNRT1BRR&pf_rd_s=center-1&pf_rd_t=15506&pf_rd_i=moviemeter&ref_=chtmvm_tt_5,"https://m.media-amazon.com/images/M/MV5BY2RlZGFmYjAtNGZiMi00YjQ5LWE0ZmQtZmIyM2VmMjRhMTJlXkEyXkFqcGdeQXVyMDM2NDM2MQ@@._V1_UY67_CR0,0,45,67_AL_.jpg"
6 ( 61),Babylon,(2022),,https://www.imdb.com/title/tt10640346/?pf_rd_m=A2FGELUUNOQJNL&pf_rd_p=ea4e08e1-c8a3-47b5-ac3a-75026647c16e&pf_rd_r=8QD5HQ5X0XXVBNRT1BRR&pf_rd_s=center-1&pf_rd_t=15506&pf_rd_i=moviemeter&ref_=chtmvm_tt_6,"https://m.media-amazon.com/images/M/MV5BNjlkYjc4NGMtZjc3MS00NjQ3LTk4MmUtMTkwZGZjODE1ZDVlXkEyXkFqcGdeQXVyODk4OTc3MTY@._V1_UY67_CR0,0,45,67_AL_.jpg"
7 ( 1),Avatar: The Way of Water,(2022),,https://www.imdb.com/title/tt1630029/?pf_rd_m=A2FGELUUNOQJNL&pf_rd_p=ea4e08e1-c8a3-47b5-ac3a-75026647c16e&pf_rd_r=8QD5HQ5X0XXVBNRT1BRR&pf_rd_s=center-1&pf_rd_t=15506&pf_rd_i=moviemeter&ref_=chtmvm_tt_7,"https://m.media-amazon.com/images/M/MV5BYjhiNjBlODctY2ZiOC00YjVlLWFlNzAtNTVhNzM1YjI1NzMxXkEyXkFqcGdeQXVyMjQxNTE1MDA@._V1_UY67_CR1,0,45,67_AL_.jpg"
8 ( 872),Troll,(2022),5.9,https://www.imdb.com/title/tt11116912/?pf_rd_m=A2FGELUUNOQJNL&pf_rd_p=ea4e08e1-c8a3-47b5-ac3a-75026647c16e&pf_rd_r=8QD5HQ5X0XXVBNRT1BRR&pf_rd_s=center-1&pf_rd_t=15506&pf_rd_i=moviemeter&ref_=chtmvm_tt_8,"https://m.media-amazon.com/images/M/MV5BOWQzMDc5OTMtMjFiMy00M2I3LWIyZWMtODM4NTRhMGI2ZTRkXkEyXkFqcGdeQXVyNDAxNzcyNw@@._V1_UY67_CR0,0,45,67_AL_.jpg"
9 ( 42),Violent Night,(2022),7.1,https://www.imdb.com/title/tt12003946/?pf_rd_m=A2FGELUUNOQJNL&pf_rd_p=ea4e08e1-c8a3-47b5-ac3a-75026647c16e&pf_rd_r=8QD5HQ5X0XXVBNRT1BRR&pf_rd_s=center-1&pf_rd_t=15506&pf_rd_i=moviemeter&ref_=chtmvm_tt_9,"https://m.media-amazon.com/images/M/MV5BYzg2NWNhOWItYjA3Yi00MzhhLTg4ZmItYzM3ZTIwN2U0ZGQ5XkEyXkFqcGdeQXVyMzEyMDQzNzY@._V1_UY67_CR4,0,45,67_AL_.jpg"
10 ( 69),Willow,(1988),7.2,https://www.imdb.com/title/tt0096446/?pf_rd_m=A2FGELUUNOQJNL&pf_rd_p=ea4e08e1-c8a3-47b5-ac3a-75026647c16e&pf_rd_r=8QD5HQ5X0XXVBNRT1BRR&pf_rd_s=center-1&pf_rd_t=15506&pf_rd_i=moviemeter&ref_=chtmvm_tt_10,"https://m.media-amazon.com/images/M/MV5BZWIyMTA2M2ItOGI5MC00OTY0LWFmZTItN2NkOWQ0MGQ5NDkyL2ltYWdlXkEyXkFqcGdeQXVyMTQxNzMzNDI@._V1_UX45_CR0,0,45,67_AL_.jpg"
11 ( 25),The Noel Diary,(2022),6.2,https://www.imdb.com/title/tt13007592/?pf_rd_m=A2FGELUUNOQJNL&pf_rd_p=ea4e08e1-c8a3-47b5-ac3a-75026647c16e&pf_rd_r=8QD5HQ5X0XXVBNRT1BRR&pf_rd_s=center-1&pf_rd_t=15506&pf_rd_i=moviemeter&ref_=chtmvm_tt_11,"https://m.media-amazon.com/images/M/MV5BMTA5YzcwNmYtY2E2OC00MzE5LTlkMWUtMmVhYTg1NGM5Nzk5XkEyXkFqcGdeQXVyMTUzNzc3NDAz._V1_UY67_CR1,0,45,67_AL_.jpg"
12 ( 43),The Addams Family,(1991),6.9,https://www.imdb.com/title/tt0101272/?pf_rd_m=A2FGELUUNOQJNL&pf_rd_p=ea4e08e1-c8a3-47b5-ac3a-75026647c16e&pf_rd_r=8QD5HQ5X0XXVBNRT1BRR&pf_rd_s=center-1&pf_rd_t=15506&pf_rd_i=moviemeter&ref_=chtmvm_tt_12,"https://m.media-amazon.com/images/M/MV5BMmJhZTlhNzUtNzAwZC00YjQ2LTkxOGEtNzBmOWVkMmUxNTBiXkEyXkFqcGdeQXVyMTExNDQ2MTI@._V1_UY67_CR0,0,45,67_AL_.jpg"
13 ( 6),Strange World,(2022),4.8,https://www.imdb.com/title/tt10298840/?pf_rd_m=A2FGELUUNOQJNL&pf_rd_p=ea4e08e1-c8a3-47b5-ac3a-75026647c16e&pf_rd_r=8QD5HQ5X0XXVBNRT1BRR&pf_rd_s=center-1&pf_rd_t=15506&pf_rd_i=moviemeter&ref_=chtmvm_tt_13,"https://m.media-amazon.com/images/M/MV5BZTk1NzQwMWQtNzVmNS00MDc4LWE1MTktMmQyYzExYWMwZDQ4XkEyXkFqcGdeQXVyODc0OTEyNDU@._V1_UY67_CR0,0,45,67_AL_.jpg"
14 ( 12),X,(2022),6.6,https://www.imdb.com/title/tt13560574/?pf_rd_m=A2FGELUUNOQJNL&pf_rd_p=ea4e08e1-c8a3-47b5-ac3a-75026647c16e&pf_rd_r=8QD5HQ5X0XXVBNRT1BRR&pf_rd_s=center-1&pf_rd_t=15506&pf_rd_i=moviemeter&ref_=chtmvm_tt_14,"https://m.media-amazon.com/images/M/MV5BMTJiMmE5YWItOWZjYS00YTg0LWE0MTYtMzg2ZTY4YjNkNDEzXkEyXkFqcGdeQXVyMTAzMDg4NzU0._V1_UY67_CR4,0,45,67_AL_.jpg"
15 ( 6),Bones and All,(2022),7.3,https://www.imdb.com/title/tt10168670/?pf_rd_m=A2FGELUUNOQJNL&pf_rd_p=ea4e08e1-c8a3-47b5-ac3a-75026647c16e&pf_rd_r=8QD5HQ5X0XXVBNRT1BRR&pf_rd_s=center-1&pf_rd_t=15506&pf_rd_i=moviemeter&ref_=chtmvm_tt_15,"https://m.media-amazon.com/images/M/MV5BMDY0ZjUyYTItZmFlYS00MjI5LTljNmItODliMDkwMmY4ZTVkXkEyXkFqcGdeQXVyMTU0ODA5OTE2._V1_UY67_CR0,0,45,67_AL_.jpg"
16 ( 264),The Super Mario Bros. Movie,(2023),,https://www.imdb.com/title/tt6718170/?pf_rd_m=A2FGELUUNOQJNL&pf_rd_p=ea4e08e1-c8a3-47b5-ac3a-75026647c16e&pf_rd_r=8QD5HQ5X0XXVBNRT1BRR&pf_rd_s=center-1&pf_rd_t=15506&pf_rd_i=moviemeter&ref_=chtmvm_tt_16,"https://m.media-amazon.com/images/M/MV5BYjY5MTYwMDYtNDk4OS00NmE1LWI2ZjItY2Q5ZmVmNTU4NTAyXkEyXkFqcGdeQXVyMTkxNjUyNQ@@._V1_UX45_CR0,0,45,67_AL_.jpg"
17 ( 12),A Christmas Story Christmas,(2022),6.9,https://www.imdb.com/title/tt17220704/?pf_rd_m=A2FGELUUNOQJNL&pf_rd_p=ea4e08e1-c8a3-47b5-ac3a-75026647c16e&pf_rd_r=8QD5HQ5X0XXVBNRT1BRR&pf_rd_s=center-1&pf_rd_t=15506&pf_rd_i=moviemeter&ref_=chtmvm_tt_17,"https://m.media-amazon.com/images/M/MV5BMjliZjM5MWMtMzcyYi00Y2ZiLTliOGMtNGNjMjE1YWIwZTkyXkEyXkFqcGdeQXVyMTkxNjUyNQ@@._V1_UY67_CR0,0,45,67_AL_.jpg"
18 ( 7),A Christmas Story,(1983),7.9,https://www.imdb.com/title/tt0085334/?pf_rd_m=A2FGELUUNOQJNL&pf_rd_p=ea4e08e1-c8a3-47b5-ac3a-75026647c16e&pf_rd_r=8QD5HQ5X0XXVBNRT1BRR&pf_rd_s=center-1&pf_rd_t=15506&pf_rd_i=moviemeter&ref_=chtmvm_tt_18,"https://m.media-amazon.com/images/M/MV5BOWMyNjE0MzEtMzVjNy00NjIxLTg0ZjMtMWJhNGI1YmVjYTczL2ltYWdlXkEyXkFqcGdeQXVyNzc5MjA3OA@@._V1_UX45_CR0,0,45,67_AL_.jpg"
"19 ( 2,400)",Cocaine Bear,(2023),,https://www.imdb.com/title/tt14209916/?pf_rd_m=A2FGELUUNOQJNL&pf_rd_p=ea4e08e1-c8a3-47b5-ac3a-75026647c16e&pf_rd_r=8QD5HQ5X0XXVBNRT1BRR&pf_rd_s=center-1&pf_rd_t=15506&pf_rd_i=moviemeter&ref_=chtmvm_tt_19,"https://m.media-amazon.com/images/M/MV5BNzlhY2NiNWItYTAyNS00YjhmLTgxNzgtZWNjMjQ4YmMyYmM4XkEyXkFqcGdeQXVyODk4OTc3MTY@._V1_UX45_CR0,0,45,67_AL_.jpg"
20 ( 10),Black Adam,(2022),6.7,https://www.imdb.com/title/tt6443346/?pf_rd_m=A2FGELUUNOQJNL&pf_rd_p=ea4e08e1-c8a3-47b5-ac3a-75026647c16e&pf_rd_r=8QD5HQ5X0XXVBNRT1BRR&pf_rd_s=center-1&pf_rd_t=15506&pf_rd_i=moviemeter&ref_=chtmvm_tt_20,"https://m.media-amazon.com/images/M/MV5BYzZkOGUwMzMtMTgyNS00YjFlLTg5NzYtZTE3Y2E5YTA5NWIyXkEyXkFqcGdeQXVyMjkwOTAyMDU@._V1_UY67_CR0,0,45,67_AL_.jpg"
21 ( 713),Transformers: Rise of the Beasts,(2023),,https://www.imdb.com/title/tt5090568/?pf_rd_m=A2FGELUUNOQJNL&pf_rd_p=ea4e08e1-c8a3-47b5-ac3a-75026647c16e&pf_rd_r=8QD5HQ5X0XXVBNRT1BRR&pf_rd_s=center-1&pf_rd_t=15506&pf_rd_i=moviemeter&ref_=chtmvm_tt_21,"https://m.media-amazon.com/images/M/MV5BN2FkOWQ3YzItNmNhZi00ZWNlLThjYTMtZWIyZDc2YjQzMjk3XkEyXkFqcGdeQXVyMTkxNjUyNQ@@._V1_UY67_CR0,0,45,67_AL_.jpg"
22 ( 53),The Swimmers,(2022),7.5,https://www.imdb.com/title/tt8745676/?pf_rd_m=A2FGELUUNOQJNL&pf_rd_p=ea4e08e1-c8a3-47b5-ac3a-75026647c16e&pf_rd_r=8QD5HQ5X0XXVBNRT1BRR&pf_rd_s=center-1&pf_rd_t=15506&pf_rd_i=moviemeter&ref_=chtmvm_tt_22,"https://m.media-amazon.com/images/M/MV5BOGZmMWM1NTItYzBhYi00YjEzLWI3OTQtNWM4ZDhjMDkxYWEwXkEyXkFqcGdeQXVyMTEzMTI1Mjk3._V1_UY67_CR0,0,45,67_AL_.jpg"
23 ( 19),Disenchanted,(2022),5.7,https://www.imdb.com/title/tt1596342/?pf_rd_m=A2FGELUUNOQJNL&pf_rd_p=ea4e08e1-c8a3-47b5-ac3a-75026647c16e&pf_rd_r=8QD5HQ5X0XXVBNRT1BRR&pf_rd_s=center-1&pf_rd_t=15506&pf_rd_i=moviemeter&ref_=chtmvm_tt_23,"https://m.media-amazon.com/images/M/MV5BNDVhYjU1ZjUtNzI3Ni00Mzg5LWJhNGYtMjE3Y2FlZWY2Y2Y2XkEyXkFqcGdeQXVyMTUzMTg2ODkz._V1_UY67_CR0,0,45,67_AL_.jpg"
24 ( 17),The Wonder,(2022),6.6,https://www.imdb.com/title/tt9288822/?pf_rd_m=A2FGELUUNOQJNL&pf_rd_p=ea4e08e1-c8a3-47b5-ac3a-75026647c16e&pf_rd_r=8QD5HQ5X0XXVBNRT1BRR&pf_rd_s=center-1&pf_rd_t=15506&pf_rd_i=moviemeter&ref_=chtmvm_tt_24,"https://m.media-amazon.com/images/M/MV5BNDBmNzIwY2QtMjZhOC00YzlhLWIwNjMtZDdkZjY3OWUzZDI4XkEyXkFqcGdeQXVyMTAyMjQ3NzQ1._V1_UY67_CR0,0,45,67_AL_.jpg"
25 ( 11),Don't Worry Darling,(2022),6.2,https://www.imdb.com/title/tt10731256/?pf_rd_m=A2FGELUUNOQJNL&pf_rd_p=ea4e08e1-c8a3-47b5-ac3a-75026647c16e&pf_rd_r=8QD5HQ5X0XXVBNRT1BRR&pf_rd_s=center-1&pf_rd_t=15506&pf_rd_i=moviemeter&ref_=chtmvm_tt_25,"https://m.media-amazon.com/images/M/MV5BMzFkMWUzM2ItZWFjMi00NDY0LTk2MDMtZDhkMDE2MjRlYmZlXkEyXkFqcGdeQXVyNTAzNzgwNTg@._V1_UY67_CR0,0,45,67_AL_.jpg"
26 ( 50),Love Actually,(2003),7.6,https://www.imdb.com/title/tt0314331/?pf_rd_m=A2FGELUUNOQJNL&pf_rd_p=ea4e08e1-c8a3-47b5-ac3a-75026647c16e&pf_rd_r=8QD5HQ5X0XXVBNRT1BRR&pf_rd_s=center-1&pf_rd_t=15506&pf_rd_i=moviemeter&ref_=chtmvm_tt_26,"https://m.media-amazon.com/images/M/MV5BMTY4NjQ5NDc0Nl5BMl5BanBnXkFtZTYwNjk5NDM3._V1_UY67_CR0,0,45,67_AL_.jpg"
27 ( 10),The Fabelmans,(2022),8.2,https://www.imdb.com/title/tt14208870/?pf_rd_m=A2FGELUUNOQJNL&pf_rd_p=ea4e08e1-c8a3-47b5-ac3a-75026647c16e&pf_rd_r=8QD5HQ5X0XXVBNRT1BRR&pf_rd_s=center-1&pf_rd_t=15506&pf_rd_i=moviemeter&ref_=chtmvm_tt_27,"https://m.media-amazon.com/images/M/MV5BZGM1MzczNmQtMjBmYS00NTRhLWI0MzctNTFkZDc4OGUyODdjXkEyXkFqcGdeQXVyMjMxOTE0ODA@._V1_UX45_CR0,0,45,67_AL_.jpg"
28 ( 10),Triangle of Sadness,(2022),7.7,https://www.imdb.com/title/tt7322224/?pf_rd_m=A2FGELUUNOQJNL&pf_rd_p=ea4e08e1-c8a3-47b5-ac3a-75026647c16e&pf_rd_r=8QD5HQ5X0XXVBNRT1BRR&pf_rd_s=center-1&pf_rd_t=15506&pf_rd_i=moviemeter&ref_=chtmvm_tt_28,"https://m.media-amazon.com/images/M/MV5BNDRiZjc0ZDMtMjhlYi00ZjAzLTg0MDQtZDI2NGEyYTBlN2M2XkEyXkFqcGdeQXVyMTA2MDU0NjM5._V1_UY67_CR0,0,45,67_AL_.jpg"
29 ( 23),Slumberland,(2022),6.7,https://www.imdb.com/title/tt13320662/?pf_rd_m=A2FGELUUNOQJNL&pf_rd_p=ea4e08e1-c8a3-47b5-ac3a-75026647c16e&pf_rd_r=8QD5HQ5X0XXVBNRT1BRR&pf_rd_s=center-1&pf_rd_t=15506&pf_rd_i=moviemeter&ref_=chtmvm_tt_29,"https://m.media-amazon.com/images/M/MV5BNDUzMzE3NDktN2JmOC00ZjJmLTg0NmMtODE0NDkzNDE5OGYwXkEyXkFqcGdeQXVyMTEyMjM2NDc2._V1_UY67_CR4,0,45,67_AL_.jpg"
30 ( 255),Lady Chatterley's Lover,(2022),6.9,https://www.imdb.com/title/tt14369780/?pf_rd_m=A2FGELUUNOQJNL&pf_rd_p=ea4e08e1-c8a3-47b5-ac3a-75026647c16e&pf_rd_r=8QD5HQ5X0XXVBNRT1BRR&pf_rd_s=center-1&pf_rd_t=15506&pf_rd_i=moviemeter&ref_=chtmvm_tt_30,"https://m.media-amazon.com/images/M/MV5BMGQwYjY1YWUtN2FjMS00MzYxLWEyNDYtYzdlZWJhZTI5M2NhXkEyXkFqcGdeQXVyMTQ4NjQyMzE@._V1_UY67_CR0,0,45,67_AL_.jpg"
31 ( 140),Guardians of the Galaxy Vol. 3,(2023),,https://www.imdb.com/title/tt6791350/?pf_rd_m=A2FGELUUNOQJNL&pf_rd_p=ea4e08e1-c8a3-47b5-ac3a-75026647c16e&pf_rd_r=8QD5HQ5X0XXVBNRT1BRR&pf_rd_s=center-1&pf_rd_t=15506&pf_rd_i=moviemeter&ref_=chtmvm_tt_31,"https://m.media-amazon.com/images/M/MV5BNmVhN2IyMTUtZTg3ZS00YWYxLTg3OTItMTFlNGM0MDYyNWI3XkEyXkFqcGdeQXVyODk4OTc3MTY@._V1_UY67_CR0,0,45,67_AL_.jpg"
32 ( 19),Smile,(2022),6.7,https://www.imdb.com/title/tt15474916/?pf_rd_m=A2FGELUUNOQJNL&pf_rd_p=ea4e08e1-c8a3-47b5-ac3a-75026647c16e&pf_rd_r=8QD5HQ5X0XXVBNRT1BRR&pf_rd_s=center-1&pf_rd_t=15506&pf_rd_i=moviemeter&ref_=chtmvm_tt_32,"https://m.media-amazon.com/images/M/MV5BZjE2ZWIwMWEtNGFlMy00ZjYzLWEzOWEtYzQ0MDAwZDRhYzNjXkEyXkFqcGdeQXVyMTUzMTg2ODkz._V1_UY67_CR0,0,45,67_AL_.jpg"
33 ( 47),Addams Family Values,(1993),6.8,https://www.imdb.com/title/tt0106220/?pf_rd_m=A2FGELUUNOQJNL&pf_rd_p=ea4e08e1-c8a3-47b5-ac3a-75026647c16e&pf_rd_r=8QD5HQ5X0XXVBNRT1BRR&pf_rd_s=center-1&pf_rd_t=15506&pf_rd_i=moviemeter&ref_=chtmvm_tt_33,"https://m.media-amazon.com/images/M/MV5BZWFhNjY0YjItNjM5NC00NzAwLWI3ZWUtMTlkNTA0ZWVkNjBkXkEyXkFqcGdeQXVyMTQxNzMzNDI@._V1_UX45_CR0,0,45,67_AL_.jpg"
34 ( 8),National Lampoon's Christmas Vacation,(1989),7.5,https://www.imdb.com/title/tt0097958/?pf_rd_m=A2FGELUUNOQJNL&pf_rd_p=ea4e08e1-c8a3-47b5-ac3a-75026647c16e&pf_rd_r=8QD5HQ5X0XXVBNRT1BRR&pf_rd_s=center-1&pf_rd_t=15506&pf_rd_i=moviemeter&ref_=chtmvm_tt_34,"https://m.media-amazon.com/images/M/MV5BMGZkMWQ2MzMtYTkxYS00OThmLWI0ZTQtNmY0ZTkyY2E4MjliXkEyXkFqcGdeQXVyMTQxNzMzNDI@._V1_UY67_CR0,0,45,67_AL_.jpg"
35 ( 11),Bullet Train,(2022),7.3,https://www.imdb.com/title/tt12593682/?pf_rd_m=A2FGELUUNOQJNL&pf_rd_p=ea4e08e1-c8a3-47b5-ac3a-75026647c16e&pf_rd_r=8QD5HQ5X0XXVBNRT1BRR&pf_rd_s=center-1&pf_rd_t=15506&pf_rd_i=moviemeter&ref_=chtmvm_tt_35,"https://m.media-amazon.com/images/M/MV5BMDU2ZmM2OTYtNzIxYy00NjM5LTliNGQtN2JmOWQzYTBmZWUzXkEyXkFqcGdeQXVyMTkxNjUyNQ@@._V1_UY67_CR0,0,45,67_AL_.jpg"
36 ( 20),Where the Crawdads Sing,(2022),7.1,https://www.imdb.com/title/tt9411972/?pf_rd_m=A2FGELUUNOQJNL&pf_rd_p=ea4e08e1-c8a3-47b5-ac3a-75026647c16e&pf_rd_r=8QD5HQ5X0XXVBNRT1BRR&pf_rd_s=center-1&pf_rd_t=15506&pf_rd_i=moviemeter&ref_=chtmvm_tt_36,"https://m.media-amazon.com/images/M/MV5BMTJmNGJmYTgtYjAxNy00YmMzLTk2YTYtMGIzMmUwNDMyMTY1XkEyXkFqcGdeQXVyMTEyMjM2NDc2._V1_UY67_CR4,0,45,67_AL_.jpg"
37 ( 2),Everything Everywhere All at Once,(2022),8.1,https://www.imdb.com/title/tt6710474/?pf_rd_m=A2FGELUUNOQJNL&pf_rd_p=ea4e08e1-c8a3-47b5-ac3a-75026647c16e&pf_rd_r=8QD5HQ5X0XXVBNRT1BRR&pf_rd_s=center-1&pf_rd_t=15506&pf_rd_i=moviemeter&ref_=chtmvm_tt_37,"https://m.media-amazon.com/images/M/MV5BYTdiOTIyZTQtNmQ1OS00NjZlLWIyMTgtYzk5Y2M3ZDVmMDk1XkEyXkFqcGdeQXVyMTAzMDg4NzU0._V1_UY67_CR0,0,45,67_AL_.jpg"
38 ( 5),Knives Out,(2019),7.9,https://www.imdb.com/title/tt8946378/?pf_rd_m=A2FGELUUNOQJNL&pf_rd_p=ea4e08e1-c8a3-47b5-ac3a-75026647c16e&pf_rd_r=8QD5HQ5X0XXVBNRT1BRR&pf_rd_s=center-1&pf_rd_t=15506&pf_rd_i=moviemeter&ref_=chtmvm_tt_38,"https://m.media-amazon.com/images/M/MV5BMGUwZjliMTAtNzAxZi00MWNiLWE2NzgtZGUxMGQxZjhhNDRiXkEyXkFqcGdeQXVyNjU1NzU3MzE@._V1_UY67_CR0,0,45,67_AL_.jpg"
39 ( 12),Falling for Christmas,(2022),5.2,https://www.imdb.com/title/tt14715170/?pf_rd_m=A2FGELUUNOQJNL&pf_rd_p=ea4e08e1-c8a3-47b5-ac3a-75026647c16e&pf_rd_r=8QD5HQ5X0XXVBNRT1BRR&pf_rd_s=center-1&pf_rd_t=15506&pf_rd_i=moviemeter&ref_=chtmvm_tt_39,"https://m.media-amazon.com/images/M/MV5BMDNhMWUxMjctZWFhNy00MjUzLWE3NjYtNTE4ZjVhYjRkZThmXkEyXkFqcGdeQXVyMTkxNjUyNQ@@._V1_UY67_CR0,0,45,67_AL_.jpg"
40 ( 17),Barbarian,(2022),7.1,https://www.imdb.com/title/tt15791034/?pf_rd_m=A2FGELUUNOQJNL&pf_rd_p=ea4e08e1-c8a3-47b5-ac3a-75026647c16e&pf_rd_r=8QD5HQ5X0XXVBNRT1BRR&pf_rd_s=center-1&pf_rd_t=15506&pf_rd_i=moviemeter&ref_=chtmvm_tt_40,"https://m.media-amazon.com/images/M/MV5BN2M3Y2NhMGYtYjUxOS00M2UwLTlmMGUtYzY4MzFlNjZkYzY2XkEyXkFqcGdeQXVyODc0OTEyNDU@._V1_UY67_CR0,0,45,67_AL_.jpg"
41 ( 10),The Whale,(2022),8.5,https://www.imdb.com/title/tt13833688/?pf_rd_m=A2FGELUUNOQJNL&pf_rd_p=ea4e08e1-c8a3-47b5-ac3a-75026647c16e&pf_rd_r=8QD5HQ5X0XXVBNRT1BRR&pf_rd_s=center-1&pf_rd_t=15506&pf_rd_i=moviemeter&ref_=chtmvm_tt_41,"https://m.media-amazon.com/images/M/MV5BZDQ4Njg4YTctNGZkYi00NWU1LWI4OTYtNmNjOWMyMjI1NWYzXkEyXkFqcGdeQXVyMTA3MDk2NDg2._V1_UY67_CR1,0,45,67_AL_.jpg"
42 ( 14),Home Alone,(1990),7.7,https://www.imdb.com/title/tt0099785/?pf_rd_m=A2FGELUUNOQJNL&pf_rd_p=ea4e08e1-c8a3-47b5-ac3a-75026647c16e&pf_rd_r=8QD5HQ5X0XXVBNRT1BRR&pf_rd_s=center-1&pf_rd_t=15506&pf_rd_i=moviemeter&ref_=chtmvm_tt_42,"https://m.media-amazon.com/images/M/MV5BMzFkM2YwOTQtYzk2Mi00N2VlLWE3NTItN2YwNDg1YmY0ZDNmXkEyXkFqcGdeQXVyMTMxODk2OTU@._V1_UY67_CR0,0,45,67_AL_.jpg"
43 ( 11),Top Gun: Maverick,(2022),8.4,https://www.imdb.com/title/tt1745960/?pf_rd_m=A2FGELUUNOQJNL&pf_rd_p=ea4e08e1-c8a3-47b5-ac3a-75026647c16e&pf_rd_r=8QD5HQ5X0XXVBNRT1BRR&pf_rd_s=center-1&pf_rd_t=15506&pf_rd_i=moviemeter&ref_=chtmvm_tt_43,"https://m.media-amazon.com/images/M/MV5BZWYzOGEwNTgtNWU3NS00ZTQ0LWJkODUtMmVhMjIwMjA1ZmQwXkEyXkFqcGdeQXVyMjkwOTAyMDU@._V1_UY67_CR0,0,45,67_AL_.jpg"
44 ( 106),Bhediya,(2022),7.9,https://www.imdb.com/title/tt14099334/?pf_rd_m=A2FGELUUNOQJNL&pf_rd_p=ea4e08e1-c8a3-47b5-ac3a-75026647c16e&pf_rd_r=8QD5HQ5X0XXVBNRT1BRR&pf_rd_s=center-1&pf_rd_t=15506&pf_rd_i=moviemeter&ref_=chtmvm_tt_44,"https://m.media-amazon.com/images/M/MV5BNDA5OWE3YTUtNjU0Mi00MWI0LTg3ODgtYmUwNzdkNTdiOWQ2XkEyXkFqcGdeQXVyOTI3MzI4MzA@._V1_UY67_CR2,0,45,67_AL_.jpg"
45 ( 5),Avatar,(2009),7.8,https://www.imdb.com/title/tt0499549/?pf_rd_m=A2FGELUUNOQJNL&pf_rd_p=ea4e08e1-c8a3-47b5-ac3a-75026647c16e&pf_rd_r=8QD5HQ5X0XXVBNRT1BRR&pf_rd_s=center-1&pf_rd_t=15506&pf_rd_i=moviemeter&ref_=chtmvm_tt_45,"https://m.media-amazon.com/images/M/MV5BNjA3NGExZDktNDlhZC00NjYyLTgwNmUtZWUzMDYwMTZjZWUyXkEyXkFqcGdeQXVyMTU1MDM3NDk0._V1_UY67_CR0,0,45,67_AL_.jpg"
46 ( 24),Nope,(2022),6.9,https://www.imdb.com/title/tt10954984/?pf_rd_m=A2FGELUUNOQJNL&pf_rd_p=ea4e08e1-c8a3-47b5-ac3a-75026647c16e&pf_rd_r=8QD5HQ5X0XXVBNRT1BRR&pf_rd_s=center-1&pf_rd_t=15506&pf_rd_i=moviemeter&ref_=chtmvm_tt_46,"https://m.media-amazon.com/images/M/MV5BMGIyNTI3NWItNTJkOS00MGYyLWE4NjgtZDhjMWQ4Y2JkZTU5XkEyXkFqcGdeQXVyNjY1MTg4Mzc@._V1_UX45_CR0,0,45,67_AL_.jpg"
47 ( 9),Devotion,(2022),7.0,https://www.imdb.com/title/tt7693316/?pf_rd_m=A2FGELUUNOQJNL&pf_rd_p=ea4e08e1-c8a3-47b5-ac3a-75026647c16e&pf_rd_r=8QD5HQ5X0XXVBNRT1BRR&pf_rd_s=center-1&pf_rd_t=15506&pf_rd_i=moviemeter&ref_=chtmvm_tt_47,"https://m.media-amazon.com/images/M/MV5BMjI5NGJjMmEtODk4Yy00ZDRjLWE5ZGItMjJiNGM4NTI0NmZkXkEyXkFqcGdeQXVyNjk1Njg5NTA@._V1_UY67_CR4,0,45,67_AL_.jpg"
48 ( 26),Elf,(2003),7.0,https://www.imdb.com/title/tt0319343/?pf_rd_m=A2FGELUUNOQJNL&pf_rd_p=ea4e08e1-c8a3-47b5-ac3a-75026647c16e&pf_rd_r=8QD5HQ5X0XXVBNRT1BRR&pf_rd_s=center-1&pf_rd_t=15506&pf_rd_i=moviemeter&ref_=chtmvm_tt_48,"https://m.media-amazon.com/images/M/MV5BMzUxNzkzMzQtYjIxZC00NzU0LThkYTQtZjNhNTljMTA1MDA1L2ltYWdlL2ltYWdlXkEyXkFqcGdeQXVyMTMxODk2OTU@._V1_UY67_CR0,0,45,67_AL_.jpg"
49 ( 28),The People We Hate at the Wedding,(2022),5.7,https://www.imdb.com/title/tt9071456/?pf_rd_m=A2FGELUUNOQJNL&pf_rd_p=ea4e08e1-c8a3-47b5-ac3a-75026647c16e&pf_rd_r=8QD5HQ5X0XXVBNRT1BRR&pf_rd_s=center-1&pf_rd_t=15506&pf_rd_i=moviemeter&ref_=chtmvm_tt_49,"https://m.media-amazon.com/images/M/MV5BNTQ3NzI5ZmEtZTMyNi00ZjExLWI2OTktMWVjOGI4YTYzNTYyXkEyXkFqcGdeQXVyMTQzNTA5MzYz._V1_UY67_CR0,0,45,67_AL_.jpg"
50 ( 20),All Quiet on the Western Front,(2022),7.8,https://www.imdb.com/title/tt1016150/?pf_rd_m=A2FGELUUNOQJNL&pf_rd_p=ea4e08e1-c8a3-47b5-ac3a-75026647c16e&pf_rd_r=8QD5HQ5X0XXVBNRT1BRR&pf_rd_s=center-1&pf_rd_t=15506&pf_rd_i=moviemeter&ref_=chtmvm_tt_50,"https://m.media-amazon.com/images/M/MV5BYTE1MmZiMWYtYTFmZi00YjA3LWI2ODgtMWFlNWYxZjdmNGE3XkEyXkFqcGdeQXVyNjk1Njg5NTA@._V1_UY67_CR4,0,45,67_AL_.jpg"
51 ( 23),She Said,(2022),7.4,https://www.imdb.com/title/tt14807308/?pf_rd_m=A2FGELUUNOQJNL&pf_rd_p=ea4e08e1-c8a3-47b5-ac3a-75026647c16e&pf_rd_r=8QD5HQ5X0XXVBNRT1BRR&pf_rd_s=center-1&pf_rd_t=15506&pf_rd_i=moviemeter&ref_=chtmvm_tt_51,"https://m.media-amazon.com/images/M/MV5BMDg3OTA2NDQtZWUyZS00MjMyLThkMzktYWIyMzBkZWJhOWVmXkEyXkFqcGdeQXVyMTAxNzQ1NzI@._V1_UY67_CR0,0,45,67_AL_.jpg"
52 ( 37),Enchanted,(2007),7.1,https://www.imdb.com/title/tt0461770/?pf_rd_m=A2FGELUUNOQJNL&pf_rd_p=ea4e08e1-c8a3-47b5-ac3a-75026647c16e&pf_rd_r=8QD5HQ5X0XXVBNRT1BRR&pf_rd_s=center-1&pf_rd_t=15506&pf_rd_i=moviemeter&ref_=chtmvm_tt_52,"https://m.media-amazon.com/images/M/MV5BMjE4NDQ2Mjc0OF5BMl5BanBnXkFtZTcwNzQ2NDE1MQ@@._V1_UY67_CR0,0,45,67_AL_.jpg"
53 ( 124),The Fallout,(2021),7.0,https://www.imdb.com/title/tt11847410/?pf_rd_m=A2FGELUUNOQJNL&pf_rd_p=ea4e08e1-c8a3-47b5-ac3a-75026647c16e&pf_rd_r=8QD5HQ5X0XXVBNRT1BRR&pf_rd_s=center-1&pf_rd_t=15506&pf_rd_i=moviemeter&ref_=chtmvm_tt_53,"https://m.media-amazon.com/images/M/MV5BMjM2MTg0MDUtZTMwOS00MTk3LTkzZWQtOTQ0ODY4MTI3MTMxXkEyXkFqcGdeQXVyMTM1MTE1NDMx._V1_UY67_CR0,0,45,67_AL_.jpg"
54 ( 17),Matilda the Musical,(2022),7.5,https://www.imdb.com/title/tt3447590/?pf_rd_m=A2FGELUUNOQJNL&pf_rd_p=ea4e08e1-c8a3-47b5-ac3a-75026647c16e&pf_rd_r=8QD5HQ5X0XXVBNRT1BRR&pf_rd_s=center-1&pf_rd_t=15506&pf_rd_i=moviemeter&ref_=chtmvm_tt_54,"https://m.media-amazon.com/images/M/MV5BZDQyMDEwOTMtYzQ4Ny00NGVmLWI5NWYtMTQ3ODE2MGNlN2Y4XkEyXkFqcGdeQXVyMTA1OTcyNDQ4._V1_UY67_CR0,0,45,67_AL_.jpg"
55 ( 15),Amsterdam,(2022),6.1,https://www.imdb.com/title/tt10304142/?pf_rd_m=A2FGELUUNOQJNL&pf_rd_p=ea4e08e1-c8a3-47b5-ac3a-75026647c16e&pf_rd_r=8QD5HQ5X0XXVBNRT1BRR&pf_rd_s=center-1&pf_rd_t=15506&pf_rd_i=moviemeter&ref_=chtmvm_tt_55,"https://m.media-amazon.com/images/M/MV5BNDQwNzE0ZTItYmZjMC00NjI3LWFlNzctNTExZDY2NWE0Zjc0XkEyXkFqcGdeQXVyMTA3MDk2NDg2._V1_UX45_CR0,0,45,67_AL_.jpg"
56 ( 49),The Mean One,(2022),,https://www.imdb.com/title/tt20853816/?pf_rd_m=A2FGELUUNOQJNL&pf_rd_p=ea4e08e1-c8a3-47b5-ac3a-75026647c16e&pf_rd_r=8QD5HQ5X0XXVBNRT1BRR&pf_rd_s=center-1&pf_rd_t=15506&pf_rd_i=moviemeter&ref_=chtmvm_tt_56,"https://m.media-amazon.com/images/M/MV5BMmQ5ZDY3ODQtOGMyMS00ZjljLTkzOTEtYWIwMWJmOGVlYTU2XkEyXkFqcGdeQXVyNTM0MTcwOTg@._V1_UY67_CR0,0,45,67_AL_.jpg"
57 ( 393),Emancipation,(2022),4.5,https://www.imdb.com/title/tt12530246/?pf_rd_m=A2FGELUUNOQJNL&pf_rd_p=ea4e08e1-c8a3-47b5-ac3a-75026647c16e&pf_rd_r=8QD5HQ5X0XXVBNRT1BRR&pf_rd_s=center-1&pf_rd_t=15506&pf_rd_i=moviemeter&ref_=chtmvm_tt_57,"https://m.media-amazon.com/images/M/MV5BN2RiY2RmMjItMDc1My00ZmViLWJkM2YtZjExNDI5MGM2ZWNiXkEyXkFqcGdeQXVyODk4OTc3MTY@._V1_UX45_CR0,0,45,67_AL_.jpg"
58 ( 26),How the Grinch Stole Christmas,(2000),6.2,https://www.imdb.com/title/tt0170016/?pf_rd_m=A2FGELUUNOQJNL&pf_rd_p=ea4e08e1-c8a3-47b5-ac3a-75026647c16e&pf_rd_r=8QD5HQ5X0XXVBNRT1BRR&pf_rd_s=center-1&pf_rd_t=15506&pf_rd_i=moviemeter&ref_=chtmvm_tt_58,"https://m.media-amazon.com/images/M/MV5BNWNiNTczNzEtMjQyZC00MjFmLTkzMDMtODk4ZGMyZmE0N2E4XkEyXkFqcGdeQXVyMTMxODk2OTU@._V1_UY67_CR0,0,45,67_AL_.jpg"
59 ( 34),Drishyam 2,(2022),8.7,https://www.imdb.com/title/tt15501640/?pf_rd_m=A2FGELUUNOQJNL&pf_rd_p=ea4e08e1-c8a3-47b5-ac3a-75026647c16e&pf_rd_r=8QD5HQ5X0XXVBNRT1BRR&pf_rd_s=center-1&pf_rd_t=15506&pf_rd_i=moviemeter&ref_=chtmvm_tt_59,"https://m.media-amazon.com/images/M/MV5BYmY2ZDUxNzUtYWZlYy00MThhLWI5NjktZDhjZTU3MDY5YTM3XkEyXkFqcGdeQXVyNTYxMDgzODI@._V1_UY67_CR4,0,45,67_AL_.jpg"
60 ( 11),Kantara,(2022),8.8,https://www.imdb.com/title/tt15327088/?pf_rd_m=A2FGELUUNOQJNL&pf_rd_p=ea4e08e1-c8a3-47b5-ac3a-75026647c16e&pf_rd_r=8QD5HQ5X0XXVBNRT1BRR&pf_rd_s=center-1&pf_rd_t=15506&pf_rd_i=moviemeter&ref_=chtmvm_tt_60,"https://m.media-amazon.com/images/M/MV5BNjQyNGI5OWEtZjI1Yy00NDVjLWE4MTAtMzRlNzU1NzM2OGVkXkEyXkFqcGdeQXVyMTA1NzEzOTU1._V1_UY67_CR0,0,45,67_AL_.jpg"
61 ( 9),The Northman,(2022),7.1,https://www.imdb.com/title/tt11138512/?pf_rd_m=A2FGELUUNOQJNL&pf_rd_p=ea4e08e1-c8a3-47b5-ac3a-75026647c16e&pf_rd_r=8QD5HQ5X0XXVBNRT1BRR&pf_rd_s=center-1&pf_rd_t=15506&pf_rd_i=moviemeter&ref_=chtmvm_tt_61,"https://m.media-amazon.com/images/M/MV5BMzVlMmY2NTctODgwOC00NDMzLWEzMWYtM2RiYmIyNTNhMTI0XkEyXkFqcGdeQXVyNTAzNzgwNTg@._V1_UY67_CR0,0,45,67_AL_.jpg"
62 ( 4),The Batman,(2022),7.8,https://www.imdb.com/title/tt1877830/?pf_rd_m=A2FGELUUNOQJNL&pf_rd_p=ea4e08e1-c8a3-47b5-ac3a-75026647c16e&pf_rd_r=8QD5HQ5X0XXVBNRT1BRR&pf_rd_s=center-1&pf_rd_t=15506&pf_rd_i=moviemeter&ref_=chtmvm_tt_62,"https://m.media-amazon.com/images/M/MV5BMDdmMTBiNTYtMDIzNi00NGVlLWIzMDYtZTk3MTQ3NGQxZGEwXkEyXkFqcGdeQXVyMzMwOTU5MDk@._V1_UY67_CR0,0,45,67_AL_.jpg"
63 ( 30),Enola Holmes 2,(2022),6.8,https://www.imdb.com/title/tt14641788/?pf_rd_m=A2FGELUUNOQJNL&pf_rd_p=ea4e08e1-c8a3-47b5-ac3a-75026647c16e&pf_rd_r=8QD5HQ5X0XXVBNRT1BRR&pf_rd_s=center-1&pf_rd_t=15506&pf_rd_i=moviemeter&ref_=chtmvm_tt_63,"https://m.media-amazon.com/images/M/MV5BMDI1NWM1ZDItNDFhMi00YWRhLTg1YzItNTNhY2M2N2QzY2FkXkEyXkFqcGdeQXVyMTEyMjM2NDc2._V1_UY67_CR0,0,45,67_AL_.jpg"
64 ( 35),Weird: The Al Yankovic Story,(2022),7.0,https://www.imdb.com/title/tt17076046/?pf_rd_m=A2FGELUUNOQJNL&pf_rd_p=ea4e08e1-c8a3-47b5-ac3a-75026647c16e&pf_rd_r=8QD5HQ5X0XXVBNRT1BRR&pf_rd_s=center-1&pf_rd_t=15506&pf_rd_i=moviemeter&ref_=chtmvm_tt_64,"https://m.media-amazon.com/images/M/MV5BOWRiNmI1OTItYjc0Zi00YTYwLWI4OTEtMmE0YTNlODJkOTQwXkEyXkFqcGdeQXVyMDM2NDM2MQ@@._V1_UX45_CR0,0,45,67_AL_.jpg"
65 ( 24),Terrifier 2,(2022),6.3,https://www.imdb.com/title/tt10403420/?pf_rd_m=A2FGELUUNOQJNL&pf_rd_p=ea4e08e1-c8a3-47b5-ac3a-75026647c16e&pf_rd_r=8QD5HQ5X0XXVBNRT1BRR&pf_rd_s=center-1&pf_rd_t=15506&pf_rd_i=moviemeter&ref_=chtmvm_tt_65,"https://m.media-amazon.com/images/M/MV5BNTc5YWQ2MzAtM2E3Yi00MDUyLWFiYzctMzQ5NWVkMmQ0OTcxXkEyXkFqcGdeQXVyMTU2MDk3MDQz._V1_UY67_CR0,0,45,67_AL_.jpg"
66 ( 8),Pearl,(2022),7.0,https://www.imdb.com/title/tt18925334/?pf_rd_m=A2FGELUUNOQJNL&pf_rd_p=ea4e08e1-c8a3-47b5-ac3a-75026647c16e&pf_rd_r=8QD5HQ5X0XXVBNRT1BRR&pf_rd_s=center-1&pf_rd_t=15506&pf_rd_i=moviemeter&ref_=chtmvm_tt_66,"https://m.media-amazon.com/images/M/MV5BZTFkNmE5MjUtZDE1Yi00ZmQyLTk2YWUtN2EwODA1ZmNlOTA5XkEyXkFqcGdeQXVyMTM1MTE1NDMx._V1_UY67_CR0,0,45,67_AL_.jpg"
67 ( 10),The Santa Clause,(1994),6.5,https://www.imdb.com/title/tt0111070/?pf_rd_m=A2FGELUUNOQJNL&pf_rd_p=ea4e08e1-c8a3-47b5-ac3a-75026647c16e&pf_rd_r=8QD5HQ5X0XXVBNRT1BRR&pf_rd_s=center-1&pf_rd_t=15506&pf_rd_i=moviemeter&ref_=chtmvm_tt_67,"https://m.media-amazon.com/images/M/MV5BYzI0ZGRiYTEtNGExYi00ZDI2LWExMjMtODMzNDZjMTVjOWMxXkEyXkFqcGdeQXVyNTIzOTk5ODM@._V1_UY67_CR0,0,45,67_AL_.jpg"
68 ( 21),Guillermo del Toro's Pinocchio,(2022),8.1,https://www.imdb.com/title/tt1488589/?pf_rd_m=A2FGELUUNOQJNL&pf_rd_p=ea4e08e1-c8a3-47b5-ac3a-75026647c16e&pf_rd_r=8QD5HQ5X0XXVBNRT1BRR&pf_rd_s=center-1&pf_rd_t=15506&pf_rd_i=moviemeter&ref_=chtmvm_tt_68,"https://m.media-amazon.com/images/M/MV5BNjBhZjNkNDItODcxMS00ZGNmLTk3ODUtOGU1NWI3N2Q3YmM1XkEyXkFqcGdeQXVyMDM2NDM2MQ@@._V1_UY67_CR0,0,45,67_AL_.jpg"
69 ( 32),The Banshees of Inisherin,(2022),8.2,https://www.imdb.com/title/tt11813216/?pf_rd_m=A2FGELUUNOQJNL&pf_rd_p=ea4e08e1-c8a3-47b5-ac3a-75026647c16e&pf_rd_r=8QD5HQ5X0XXVBNRT1BRR&pf_rd_s=center-1&pf_rd_t=15506&pf_rd_i=moviemeter&ref_=chtmvm_tt_69,"https://m.media-amazon.com/images/M/MV5BM2NlZDI0ZDktNTg5OS00ZjQ1LWI4MDEtN2I0MDE5NWRiNzA4XkEyXkFqcGdeQXVyMTY5Nzc4MDY@._V1_UX45_CR0,0,45,67_AL_.jpg"
70 ( 103),Die Hard,(1988),8.2,https://www.imdb.com/title/tt0095016/?pf_rd_m=A2FGELUUNOQJNL&pf_rd_p=ea4e08e1-c8a3-47b5-ac3a-75026647c16e&pf_rd_r=8QD5HQ5X0XXVBNRT1BRR&pf_rd_s=center-1&pf_rd_t=15506&pf_rd_i=moviemeter&ref_=chtmvm_tt_70,"https://m.media-amazon.com/images/M/MV5BZjRlNDUxZjAtOGQ4OC00OTNlLTgxNmQtYTBmMDgwZmNmNjkxXkEyXkFqcGdeQXVyNzkwMjQ5NzM@._V1_UX45_CR0,0,45,67_AL_.jpg"
71 ( 81),Oppenheimer,(2023),,https://www.imdb.com/title/tt15398776/?pf_rd_m=A2FGELUUNOQJNL&pf_rd_p=ea4e08e1-c8a3-47b5-ac3a-75026647c16e&pf_rd_r=8QD5HQ5X0XXVBNRT1BRR&pf_rd_s=center-1&pf_rd_t=15506&pf_rd_i=moviemeter&ref_=chtmvm_tt_71,"https://m.media-amazon.com/images/M/MV5BMDI5ZTVmMmMtZjg1Ny00NzNkLWFkMDctZDlmMzQ4MDcyODZlXkEyXkFqcGdeQXVyMzM1NDY1MDE@._V1_UX45_CR0,0,45,67_AL_.jpg"
72 ( 26),See How They Run,(2022),6.5,https://www.imdb.com/title/tt13640696/?pf_rd_m=A2FGELUUNOQJNL&pf_rd_p=ea4e08e1-c8a3-47b5-ac3a-75026647c16e&pf_rd_r=8QD5HQ5X0XXVBNRT1BRR&pf_rd_s=center-1&pf_rd_t=15506&pf_rd_i=moviemeter&ref_=chtmvm_tt_72,"https://m.media-amazon.com/images/M/MV5BNzU5OTNmZDYtZjA4OC00YmQyLTk4ZjctMzVlZTYyYTE3ODUwXkEyXkFqcGdeQXVyMjM4NTM5NDY@._V1_UY67_CR0,0,45,67_AL_.jpg"
73 ( 28),TÃ¡r,(2022),7.8,https://www.imdb.com/title/tt14444726/?pf_rd_m=A2FGELUUNOQJNL&pf_rd_p=ea4e08e1-c8a3-47b5-ac3a-75026647c16e&pf_rd_r=8QD5HQ5X0XXVBNRT1BRR&pf_rd_s=center-1&pf_rd_t=15506&pf_rd_i=moviemeter&ref_=chtmvm_tt_73,"https://m.media-amazon.com/images/M/MV5BM2I0ZDcyYzItMGEyNi00YWVhLTlmNTQtOWVlYjE1ZGVhNWM0XkEyXkFqcGdeQXVyMTkxNjUyNQ@@._V1_UY67_CR0,0,45,67_AL_.jpg"
74 ( 15),The Woman King,(2022),6.7,https://www.imdb.com/title/tt8093700/?pf_rd_m=A2FGELUUNOQJNL&pf_rd_p=ea4e08e1-c8a3-47b5-ac3a-75026647c16e&pf_rd_r=8QD5HQ5X0XXVBNRT1BRR&pf_rd_s=center-1&pf_rd_t=15506&pf_rd_i=moviemeter&ref_=chtmvm_tt_74,"https://m.media-amazon.com/images/M/MV5BY2I4MDIwYWUtOWMxNC00ZTIzLWE3OGYtOWUyMmIwZGE2NjU4XkEyXkFqcGdeQXVyMTUzMTg2ODkz._V1_UY67_CR4,0,45,67_AL_.jpg"
"75 ( 9,665)",My Name Is Vendetta,(2022),5.4,https://www.imdb.com/title/tt15229674/?pf_rd_m=A2FGELUUNOQJNL&pf_rd_p=ea4e08e1-c8a3-47b5-ac3a-75026647c16e&pf_rd_r=8QD5HQ5X0XXVBNRT1BRR&pf_rd_s=center-1&pf_rd_t=15506&pf_rd_i=moviemeter&ref_=chtmvm_tt_75,"https://m.media-amazon.com/images/M/MV5BZmMyNmMxZWYtODIyNy00NjE5LThjYjYtYmIwN2NmZGZiZjM5XkEyXkFqcGdeQXVyMTEzMTI1Mjk3._V1_UY67_CR0,0,45,67_AL_.jpg"
76 ( 5),Top Gun,(1986),6.9,https://www.imdb.com/title/tt0092099/?pf_rd_m=A2FGELUUNOQJNL&pf_rd_p=ea4e08e1-c8a3-47b5-ac3a-75026647c16e&pf_rd_r=8QD5HQ5X0XXVBNRT1BRR&pf_rd_s=center-1&pf_rd_t=15506&pf_rd_i=moviemeter&ref_=chtmvm_tt_76,"https://m.media-amazon.com/images/M/MV5BZjQxYTA3ODItNzgxMy00N2Y2LWJlZGMtMTRlM2JkZjI1ZDhhXkEyXkFqcGdeQXVyNDk3NzU2MTQ@._V1_UX45_CR0,0,45,67_AL_.jpg"
77 ( 16),Thor: Love and Thunder,(2022),6.3,https://www.imdb.com/title/tt10648342/?pf_rd_m=A2FGELUUNOQJNL&pf_rd_p=ea4e08e1-c8a3-47b5-ac3a-75026647c16e&pf_rd_r=8QD5HQ5X0XXVBNRT1BRR&pf_rd_s=center-1&pf_rd_t=15506&pf_rd_i=moviemeter&ref_=chtmvm_tt_77,"https://m.media-amazon.com/images/M/MV5BYmMxZWRiMTgtZjM0Ny00NDQxLWIxYWQtZDdlNDNkOTEzYTdlXkEyXkFqcGdeQXVyMTkxNjUyNQ@@._V1_UY67_CR0,0,45,67_AL_.jpg"
78 ( 56),Scream,(2022),6.3,https://www.imdb.com/title/tt11245972/?pf_rd_m=A2FGELUUNOQJNL&pf_rd_p=ea4e08e1-c8a3-47b5-ac3a-75026647c16e&pf_rd_r=8QD5HQ5X0XXVBNRT1BRR&pf_rd_s=center-1&pf_rd_t=15506&pf_rd_i=moviemeter&ref_=chtmvm_tt_78,"https://m.media-amazon.com/images/M/MV5BYjExYTcwYmYtMWY2Zi00MGJlLTk3YjUtZTU1Zjg4MDc0Y2FjXkEyXkFqcGdeQXVyODE5NzE3OTE@._V1_UY67_CR0,0,45,67_AL_.jpg"
79 ( 44),Christmas with You,(2022),5.5,https://www.imdb.com/title/tt15824322/?pf_rd_m=A2FGELUUNOQJNL&pf_rd_p=ea4e08e1-c8a3-47b5-ac3a-75026647c16e&pf_rd_r=8QD5HQ5X0XXVBNRT1BRR&pf_rd_s=center-1&pf_rd_t=15506&pf_rd_i=moviemeter&ref_=chtmvm_tt_79,"https://m.media-amazon.com/images/M/MV5BYWMyMzMzOGMtMDlmZi00YzIwLThhZmUtMDdkMTU4NTZlYWQ0XkEyXkFqcGdeQXVyMTMxNjYyMTgw._V1_UY67_CR0,0,45,67_AL_.jpg"
"80 ( 5,023)",Fame,(1980),6.6,https://www.imdb.com/title/tt0080716/?pf_rd_m=A2FGELUUNOQJNL&pf_rd_p=ea4e08e1-c8a3-47b5-ac3a-75026647c16e&pf_rd_r=8QD5HQ5X0XXVBNRT1BRR&pf_rd_s=center-1&pf_rd_t=15506&pf_rd_i=moviemeter&ref_=chtmvm_tt_80,"https://m.media-amazon.com/images/M/MV5BZmQ1NTNjN2YtY2IxMS00MjMxLThhM2ItNmFlOGM1NjcxY2EzXkEyXkFqcGdeQXVyMjUzOTY1NTc@._V1_UX45_CR0,0,45,67_AL_.jpg"
81 ( 24),Poker Face,(2022),5.1,https://www.imdb.com/title/tt14714980/?pf_rd_m=A2FGELUUNOQJNL&pf_rd_p=ea4e08e1-c8a3-47b5-ac3a-75026647c16e&pf_rd_r=8QD5HQ5X0XXVBNRT1BRR&pf_rd_s=center-1&pf_rd_t=15506&pf_rd_i=moviemeter&ref_=chtmvm_tt_81,"https://m.media-amazon.com/images/M/MV5BZmNkMzc1MDgtNTcwNi00NmQ5LTkyNTktZGJlNmNlODM0NWNjXkEyXkFqcGdeQXVyNjc5NjEzNA@@._V1_UX45_CR0,0,45,67_AL_.jpg"
82 ( 38),Black Panther,(2018),7.3,https://www.imdb.com/title/tt1825683/?pf_rd_m=A2FGELUUNOQJNL&pf_rd_p=ea4e08e1-c8a3-47b5-ac3a-75026647c16e&pf_rd_r=8QD5HQ5X0XXVBNRT1BRR&pf_rd_s=center-1&pf_rd_t=15506&pf_rd_i=moviemeter&ref_=chtmvm_tt_82,"https://m.media-amazon.com/images/M/MV5BMTg1MTY2MjYzNV5BMl5BanBnXkFtZTgwMTc4NTMwNDI@._V1_UY67_CR0,0,45,67_AL_.jpg"
83 ( 63),"Planes, Trains & Automobiles",(1987),7.6,https://www.imdb.com/title/tt0093748/?pf_rd_m=A2FGELUUNOQJNL&pf_rd_p=ea4e08e1-c8a3-47b5-ac3a-75026647c16e&pf_rd_r=8QD5HQ5X0XXVBNRT1BRR&pf_rd_s=center-1&pf_rd_t=15506&pf_rd_i=moviemeter&ref_=chtmvm_tt_83,"https://m.media-amazon.com/images/M/MV5BM2I1ZWNkYjEtYWY3ZS00MmMwLWI5OTEtNWNkZjNiYjIwNzY0XkEyXkFqcGdeQXVyNTI4MjkwNjA@._V1_UX45_CR0,0,45,67_AL_.jpg"
84 ( 5),White Noise,(2022),6.6,https://www.imdb.com/title/tt6160448/?pf_rd_m=A2FGELUUNOQJNL&pf_rd_p=ea4e08e1-c8a3-47b5-ac3a-75026647c16e&pf_rd_r=8QD5HQ5X0XXVBNRT1BRR&pf_rd_s=center-1&pf_rd_t=15506&pf_rd_i=moviemeter&ref_=chtmvm_tt_84,"https://m.media-amazon.com/images/M/MV5BMDdmYjc3Y2EtM2FjYS00NGI2LTliZjgtYmQxMzJiMmUxNmI4XkEyXkFqcGdeQXVyNjY1MTg4Mzc@._V1_UY67_CR0,0,45,67_AL_.jpg"
85 ( 21),Stutz,(2022),8.0,https://www.imdb.com/title/tt21819228/?pf_rd_m=A2FGELUUNOQJNL&pf_rd_p=ea4e08e1-c8a3-47b5-ac3a-75026647c16e&pf_rd_r=8QD5HQ5X0XXVBNRT1BRR&pf_rd_s=center-1&pf_rd_t=15506&pf_rd_i=moviemeter&ref_=chtmvm_tt_85,"https://m.media-amazon.com/images/M/MV5BYzUzNzQyYWYtY2RjYy00MmFiLTg1MjAtZjk3OGMzNTMxNTMyXkEyXkFqcGdeQXVyMTE5NTM5NTU5._V1_UY67_CR0,0,45,67_AL_.jpg"
86 ( 2),Rogue One: A Star Wars Story,(2016),7.8,https://www.imdb.com/title/tt3748528/?pf_rd_m=A2FGELUUNOQJNL&pf_rd_p=ea4e08e1-c8a3-47b5-ac3a-75026647c16e&pf_rd_r=8QD5HQ5X0XXVBNRT1BRR&pf_rd_s=center-1&pf_rd_t=15506&pf_rd_i=moviemeter&ref_=chtmvm_tt_86,"https://m.media-amazon.com/images/M/MV5BMjEwMzMxODIzOV5BMl5BanBnXkFtZTgwNzg3OTAzMDI@._V1_UY67_CR0,0,45,67_AL_.jpg"
87 ( 71),Puss in Boots: The Last Wish,(2022),,https://www.imdb.com/title/tt3915174/?pf_rd_m=A2FGELUUNOQJNL&pf_rd_p=ea4e08e1-c8a3-47b5-ac3a-75026647c16e&pf_rd_r=8QD5HQ5X0XXVBNRT1BRR&pf_rd_s=center-1&pf_rd_t=15506&pf_rd_i=moviemeter&ref_=chtmvm_tt_87,"https://m.media-amazon.com/images/M/MV5BNjMyMDBjMGUtNDUzZi00N2MwLTg1MjItZTk2MDE1OTZmNTYxXkEyXkFqcGdeQXVyMTQ5NjA0NDM0._V1_UX45_CR0,0,45,67_AL_.jpg"
88 ( 2),Harry Potter and the Sorcerer's Stone,(2001),7.6,https://www.imdb.com/title/tt0241527/?pf_rd_m=A2FGELUUNOQJNL&pf_rd_p=ea4e08e1-c8a3-47b5-ac3a-75026647c16e&pf_rd_r=8QD5HQ5X0XXVBNRT1BRR&pf_rd_s=center-1&pf_rd_t=15506&pf_rd_i=moviemeter&ref_=chtmvm_tt_88,"https://m.media-amazon.com/images/M/MV5BNmQ0ODBhMjUtNDRhOC00MGQzLTk5MTAtZDliODg5NmU5MjZhXkEyXkFqcGdeQXVyNDUyOTg3Njg@._V1_UY67_CR0,0,45,67_AL_.jpg"
89 ( 90),Lesson Plan,(2022),5.0,https://www.imdb.com/title/tt23343786/?pf_rd_m=A2FGELUUNOQJNL&pf_rd_p=ea4e08e1-c8a3-47b5-ac3a-75026647c16e&pf_rd_r=8QD5HQ5X0XXVBNRT1BRR&pf_rd_s=center-1&pf_rd_t=15506&pf_rd_i=moviemeter&ref_=chtmvm_tt_89,"https://m.media-amazon.com/images/M/MV5BMmJhNmVjNmMtYmVlNy00Y2I3LThjMGYtNThkODgyYzI1OTIwXkEyXkFqcGdeQXVyMTUzOTcyODA5._V1_UX45_CR0,0,45,67_AL_.jpg"
90 ( 183),The Blue Lagoon,(1980),5.8,https://www.imdb.com/title/tt0080453/?pf_rd_m=A2FGELUUNOQJNL&pf_rd_p=ea4e08e1-c8a3-47b5-ac3a-75026647c16e&pf_rd_r=8QD5HQ5X0XXVBNRT1BRR&pf_rd_s=center-1&pf_rd_t=15506&pf_rd_i=moviemeter&ref_=chtmvm_tt_90,"https://m.media-amazon.com/images/M/MV5BOWU2ZDIxY2UtNzM5NS00MWUwLTkxN2QtMmI3NDZkNTA2OTYxXkEyXkFqcGdeQXVyMTA0MjU0Ng@@._V1_UX45_CR0,0,45,67_AL_.jpg"
"91 ( 20,871)",Farha,(2021),8.5,https://www.imdb.com/title/tt11555492/?pf_rd_m=A2FGELUUNOQJNL&pf_rd_p=ea4e08e1-c8a3-47b5-ac3a-75026647c16e&pf_rd_r=8QD5HQ5X0XXVBNRT1BRR&pf_rd_s=center-1&pf_rd_t=15506&pf_rd_i=moviemeter&ref_=chtmvm_tt_91,"https://m.media-amazon.com/images/M/MV5BM2NiMDBkMTYtY2E5NC00Y2EwLTlmNzUtOTFjZDM0NTRkOTA5XkEyXkFqcGdeQXVyODM1Mjc5MjU@._V1_UY67_CR1,0,45,67_AL_.jpg"
92 ( 27),The Godfather,(1972),9.2,https://www.imdb.com/title/tt0068646/?pf_rd_m=A2FGELUUNOQJNL&pf_rd_p=ea4e08e1-c8a3-47b5-ac3a-75026647c16e&pf_rd_r=8QD5HQ5X0XXVBNRT1BRR&pf_rd_s=center-1&pf_rd_t=15506&pf_rd_i=moviemeter&ref_=chtmvm_tt_92,"https://m.media-amazon.com/images/M/MV5BM2MyNjYxNmUtYTAwNi00MTYxLWJmNWYtYzZlODY3ZTk3OTFlXkEyXkFqcGdeQXVyNzkwMjQ5NzM@._V1_UY67_CR1,0,45,67_AL_.jpg"
93 ( 33),The Good Nurse,(2022),6.8,https://www.imdb.com/title/tt4273800/?pf_rd_m=A2FGELUUNOQJNL&pf_rd_p=ea4e08e1-c8a3-47b5-ac3a-75026647c16e&pf_rd_r=8QD5HQ5X0XXVBNRT1BRR&pf_rd_s=center-1&pf_rd_t=15506&pf_rd_i=moviemeter&ref_=chtmvm_tt_93,"https://m.media-amazon.com/images/M/MV5BOGZhODQ3NDUtMjE1OS00MzEzLWFhY2MtY2U2YjQzYWUyYWQwXkEyXkFqcGdeQXVyMDM2NDM2MQ@@._V1_UY67_CR0,0,45,67_AL_.jpg"
94 ( 50),The Grinch,(2018),6.3,https://www.imdb.com/title/tt2709692/?pf_rd_m=A2FGELUUNOQJNL&pf_rd_p=ea4e08e1-c8a3-47b5-ac3a-75026647c16e&pf_rd_r=8QD5HQ5X0XXVBNRT1BRR&pf_rd_s=center-1&pf_rd_t=15506&pf_rd_i=moviemeter&ref_=chtmvm_tt_94,"https://m.media-amazon.com/images/M/MV5BYmE5Yjg0MzktYzgzMi00YTFiLWJjYTItY2M5MmI1ODI4MDY3XkEyXkFqcGdeQXVyMTMxODk2OTU@._V1_UX45_CR0,0,45,67_AL_.jpg"
95 ( 75),Chup,(2022),8.0,https://www.imdb.com/title/tt15654262/?pf_rd_m=A2FGELUUNOQJNL&pf_rd_p=ea4e08e1-c8a3-47b5-ac3a-75026647c16e&pf_rd_r=8QD5HQ5X0XXVBNRT1BRR&pf_rd_s=center-1&pf_rd_t=15506&pf_rd_i=moviemeter&ref_=chtmvm_tt_95,"https://m.media-amazon.com/images/M/MV5BNjVhNTdlMWItMzZhYi00MWZmLTk2NDEtYTczNzBhYzM2ZjMyXkEyXkFqcGdeQXVyODE5NzE3OTE@._V1_UY67_CR2,0,45,67_AL_.jpg"
96 ( 67),Guardians of the Galaxy,(2014),8.0,https://www.imdb.com/title/tt2015381/?pf_rd_m=A2FGELUUNOQJNL&pf_rd_p=ea4e08e1-c8a3-47b5-ac3a-75026647c16e&pf_rd_r=8QD5HQ5X0XXVBNRT1BRR&pf_rd_s=center-1&pf_rd_t=15506&pf_rd_i=moviemeter&ref_=chtmvm_tt_96,"https://m.media-amazon.com/images/M/MV5BZTkwZjU3MTctMGExMi00YjU5LTgwMDMtOWNkZDRlZjQ4NmZhXkEyXkFqcGdeQXVyNjAwNDUxODI@._V1_UX45_CR0,0,45,67_AL_.jpg"
97 ( 12),The Shawshank Redemption,(1994),9.3,https://www.imdb.com/title/tt0111161/?pf_rd_m=A2FGELUUNOQJNL&pf_rd_p=ea4e08e1-c8a3-47b5-ac3a-75026647c16e&pf_rd_r=8QD5HQ5X0XXVBNRT1BRR&pf_rd_s=center-1&pf_rd_t=15506&pf_rd_i=moviemeter&ref_=chtmvm_tt_97,"https://m.media-amazon.com/images/M/MV5BMDFkYTc0MGEtZmNhMC00ZDIzLWFmNTEtODM1ZmRlYWMwMWFmXkEyXkFqcGdeQXVyMTMxODk2OTU@._V1_UY67_CR0,0,45,67_AL_.jpg"
98 ( 30),Ticket to Paradise,(2022),6.2,https://www.imdb.com/title/tt14109724/?pf_rd_m=A2FGELUUNOQJNL&pf_rd_p=ea4e08e1-c8a3-47b5-ac3a-75026647c16e&pf_rd_r=8QD5HQ5X0XXVBNRT1BRR&pf_rd_s=center-1&pf_rd_t=15506&pf_rd_i=moviemeter&ref_=chtmvm_tt_98,"https://m.media-amazon.com/images/M/MV5BMWE0MmEwMWUtZjRjOC00YzE3LWI2MjctNjc3NWQ0YTVmNDQ4XkEyXkFqcGdeQXVyODk4OTc3MTY@._V1_UX45_CR0,0,45,67_AL_.jpg"
99 ( 51),Armageddon Time,(2022),6.7,https://www.imdb.com/title/tt10343028/?pf_rd_m=A2FGELUUNOQJNL&pf_rd_p=ea4e08e1-c8a3-47b5-ac3a-75026647c16e&pf_rd_r=8QD5HQ5X0XXVBNRT1BRR&pf_rd_s=center-1&pf_rd_t=15506&pf_rd_i=moviemeter&ref_=chtmvm_tt_99,"https://m.media-amazon.com/images/M/MV5BMTNjMTI2YTMtMmM5Yi00MWUyLWI0NWMtN2EyY2FmZjIwMTVmXkEyXkFqcGdeQXVyMTUzMTg2ODkz._V1_UY67_CR0,0,45,67_AL_.jpg"
100 ( 21),Home Alone 2: Lost in New York,(1992),6.8,https://www.imdb.com/title/tt0104431/?pf_rd_m=A2FGELUUNOQJNL&pf_rd_p=ea4e08e1-c8a3-47b5-ac3a-75026647c16e&pf_rd_r=8QD5HQ5X0XXVBNRT1BRR&pf_rd_s=center-1&pf_rd_t=15506&pf_rd_i=moviemeter&ref_=chtmvm_tt_100,"https://m.media-amazon.com/images/M/MV5BNDI1MzM0Y2YtYmIyMS00ODE3LTlhZjEtZTUyNmEzMTNhZWU5XkEyXkFqcGdeQXVyMTQxNzMzNDI@._V1_UY67_CR0,0,45,67_AL_.jpg"
